{
  "classification_report": {
    "0": {
      "precision": 0.9989243950871516,
      "recall": 0.9983933571091979,
      "f1-score": 0.9986588055031645,
      "support": 761837.0
    },
    "1": {
      "precision": 0.9994437989260412,
      "recall": 0.9996277675415114,
      "f1-score": 0.9995357747687338,
      "support": 2200238.0
    },
    "accuracy": 0.9993102807997771,
    "macro avg": {
      "precision": 0.9991840970065964,
      "recall": 0.9990105623253547,
      "f1-score": 0.9990972901359492,
      "support": 2962075.0
    },
    "weighted avg": {
      "precision": 0.9993102097824821,
      "recall": 0.9993102807997771,
      "f1-score": 0.9993102208464417,
      "support": 2962075.0
    }
  },
  "roc_auc": 0.9999985001843883,
  "pr_auc": 0.9999994807886436
}